date_flagged,target,acquirer,target_ticker,geography,deal_price,current_price,spread_pct,deal_type,source,deal_size_usd,notes,reviewed,decision
2026-07-12,Capital One Flips Millions of Discover Cards to Its Own Platform on July 27. Can It Upsell Without L,,COF,US,,,,cash,polygon_news,,https://www.fool.com/investing/2026/07/12/capital-one-flips-millions-of-discover-cards-to-it/?source=iedfolrf0000001,No,Pending
2026-07-12,3 Dividend Stocks Worth Holding for the Long Haul,,ET,US,,,,cash,polygon_news,,https://www.fool.com/investing/2026/07/12/3-dividend-stocks-worth-holding-for-the-long-haul/?source=iedfolrf0000001,No,Pending
2026-07-13,This Looks Like the Perfect Stock for Warren Buffett and Greg Abel to Buy Right Now,,BRK.A,US,,,,cash,polygon_news,,https://www.fool.com/investing/2026/07/12/this-looks-like-the-perfect-stock-for-warren-buffe/?source=iedfolrf0000001,No,Pending
2026-07-13,Does Vertex's Acquisition of Crinetics Pharmaceuticals Make the Stock a No-Brainer Buy?,,VRTX,US,,,,cash,polygon_news,,https://www.fool.com/investing/2026/07/13/does-vertexs-acquisition-of-crinetics-pharmaceutic/?source=iedfolrf0000001,No,Pending
2026-07-13,3 Dividend Stocks with Growth on Tap for the Second Half,,IBM,US,,,,cash,polygon_news,,https://www.investing.com/analysis/3-dividend-stocks-with-growth-on-tap-for-the-second-half-200683830,No,Pending
2026-07-14,VEON and JazzWorld Acquire TPL Insurance to Expand Digital Insurance Access Across Pakistan,,VEON,US,,,,cash,polygon_news,,https://www.globenewswire.com/news-release/2026/07/14/3326556/0/en/VEON-and-JazzWorld-Acquire-TPL-Insurance-to-Expand-Digital-Insurance-Access-Across-Pakistan.html,No,Pending
2026-07-15,Closing of Previously Announced Restructuring Transaction in Connection with CCAA Proceedings,,RY,US,,,,cash,polygon_news,,https://www.globenewswire.com/news-release/2026/07/15/3327442/0/en/Closing-of-Previously-Announced-Restructuring-Transaction-in-Connection-with-CCAA-Proceedings.html,No,Pending
2026-07-15,Zillow Group Securities Fraud Class Action Arising from Alleged Anticompetitive Agreement and Relate,,Z,US,,,,cash,polygon_news,,https://www.globenewswire.com/news-release/2026/07/15/3327440/6713/en/Zillow-Group-Securities-Fraud-Class-Action-Arising-from-Alleged-Anticompetitive-Agreement-and-Related-Regulatory-Risks-Investors-May-Contact-Lewis-Kahn-Esq-at-Kahn-Swick-Foti-LLC.html,No,Pending
2026-07-15,Cadence Design Systems vs. Synopsys: Which Technology Stock Is a Better Buy in 2026?,,CDNS,US,,,,cash,polygon_news,,https://www.fool.com/coverage/better-buy/2026/07/14/cadence-design-systems-vs-synopsys-which-technology-stock-is-a-better-buy-in-2026/?source=iedfolrf0000001,No,Pending
2026-07-16,Stripe and Advent Reportedly Bid $60.50 a Share for PayPal. Here's the Real Prize: Venmo.,,PYPL,US,,,,cash,polygon_news,,https://www.fool.com/investing/2026/07/15/stripe-and-advent-reportedly-bid-6050-a-share-for-paypal-heres-the-real-prize-venmo/?source=iedfolrf0000001,No,Pending
2026-07-16,Centerra Gold Announces Extension and Increase of its Corporate Credit Facility,,CGAU,US,,,,cash,polygon_news,,https://www.globenewswire.com/news-release/2026/07/15/3328145/0/en/Centerra-Gold-Announces-Extension-and-Increase-of-its-Corporate-Credit-Facility.html,No,Pending
2026-07-16,Angelini Pharma Completes Acquisition of Catalyst Pharmaceuticals,,CPRX,US,,,,cash,polygon_news,,https://www.globenewswire.com/news-release/2026/07/16/3328252/0/en/Angelini-Pharma-Completes-Acquisition-of-Catalyst-Pharmaceuticals.html,No,Pending
2026-07-17,Telia Lietuva results for 6 months of 2026,,TLSNY,US,,,,cash,polygon_news,,https://www.globenewswire.com/news-release/2026/07/17/3328903/0/en/Telia-Lietuva-results-for-6-months-of-2026.html,No,Pending
2026-07-17,Marketing Veteran Bryan Dulaney is advising SafeSpace Global on Growth Strategy,,SSGC,US,,,,cash,polygon_news,,https://www.globenewswire.com/news-release/2026/07/16/3328880/0/en/Marketing-Veteran-Bryan-Dulaney-is-advising-SafeSpace-Global-on-Growth-Strategy.html,No,Pending
2026-07-17,Why AtaiBeckley Stock Soared Today,,ATAI,US,,,,cash,polygon_news,,https://www.fool.com/investing/2026/07/16/why-ataibeckley-stock-is-up-today/?source=iedfolrf0000001,No,Pending
2026-07-20,Could Pfizer Ultimately Be the Biggest Winner in the $100 Billion Weight-Loss Market?,,PFE,US,,,,cash,polygon_news,,https://www.fool.com/investing/2026/07/20/could-pfizer-ultimately-be-the-biggest-winner-in-t/?source=iedfolrf0000001,No,Pending
2026-07-20,Cribl acquiert CardinalOps pour étendre sa plateforme d'IA aux opérations de sécurité,,PANW,US,,,,cash,polygon_news,,https://www.globenewswire.com/news-release/2026/07/20/3329449/0/fr/Cribl-acquiert-CardinalOps-pour-%C3%A9tendre-sa-plateforme-d-IA-aux-op%C3%A9rations-de-s%C3%A9curit%C3%A9.html,No,Pending
2026-07-20,Should You Buy Rocket Lab Stock Below $70?,,RKLB,US,,,,cash,polygon_news,,https://www.fool.com/investing/2026/07/20/should-you-buy-rocket-lab-stock-below-70/?source=iedfolrf0000001,No,Pending
2026-07-20,Distribution Solutions Group Announces Controller Buyout; Julie & Holleman Investigating Whether Min,,DSGR,US,,,,cash,polygon_news,,https://www.globenewswire.com/news-release/2026/07/20/3330065/0/en/Distribution-Solutions-Group-Announces-Controller-Buyout-Julie-Holleman-Investigating-Whether-Minority-Shareholders-Are-Receiving-Fair-Value.html,No,Pending
2026-07-20,PERSONALIS SHAREHOLDER ALERT: PSNL Shareholders Interested in Pursuing Potential Claims Should Conta,,PSNL,US,,,,cash,polygon_news,,https://www.globenewswire.com/news-release/2026/07/20/3329936/0/en/PERSONALIS-SHAREHOLDER-ALERT-PSNL-Shareholders-Interested-in-Pursuing-Potential-Claims-Should-Contact-Julie-Holleman-Regarding-Proposed-Sale-to-Tempus.html,No,Pending
2026-07-21,What This Paychex Insider Filing Signals as the Company Pushes Upmarket,,PAYX,US,,,,cash,polygon_news,,https://www.fool.com/coverage/filings/2026/07/20/what-this-paychex-insider-filing-signals-as-the-company-pushes-upmarket/?source=iedfolrf0000001,No,Pending
2026-07-21,What This Burke & Herbert Filing Signals With the Stock Up 11%,,BHRB,US,,,,cash,polygon_news,,https://www.fool.com/coverage/filings/2026/07/20/what-this-burke-and-herbert-filing-signals-with-the-stock-up-11/?source=iedfolrf0000001,No,Pending
2026-07-21,What This Heritage Financial Insider Move Signals With the Stock Up 20%,,HFWA,US,,,,cash,polygon_news,,https://www.fool.com/coverage/filings/2026/07/20/heritage-financial-cio-sells-3379-shares-in-tax-driven-transaction/?source=iedfolrf0000001,No,Pending
2026-07-22,GeneDx Holdings Securities Fraud Class Action Result of Acquisition Performance Misrepresentations a,,WGS,US,,,,cash,polygon_news,,https://www.globenewswire.com/news-release/2026/07/22/3331055/6713/en/GeneDx-Holdings-Securities-Fraud-Class-Action-Result-of-Acquisition-Performance-Misrepresentations-and-49-Stock-Decline-Investors-may-Contact-Lewis-Kahn-Esq-at-Kahn-Swick-Foti-LLC.html,No,Pending
2026-07-22,3 Reasons to Buy AbbVie Stock Like There's No Tomorrow,,ABBV,US,,,,cash,polygon_news,,https://www.fool.com/investing/2026/07/21/3-reasons-to-buy-abbvie-stock-like-theres-no-tomor/?source=iedfolrf0000001,No,Pending
2026-07-23,Dassault Systèmes acquiert ArisGlobal pour créer une plateforme d’IA unifiée pour les Sciences de la,,DASTY,US,,,,cash,polygon_news,,https://www.globenewswire.com/news-release/2026/07/23/3331852/0/fr/Dassault-Syst%C3%A8mes-acquiert-ArisGlobal-pour-cr%C3%A9er-une-plateforme-d-IA-unifi%C3%A9e-pour-les-Sciences-de-la-vie-reliant-mol%C3%A9cule-patient-et-r%C3%A9sultats-du-monde-r%C3%A9el.html,No,Pending
2026-07-23,Motorsport Games Adopts Limited Duration Stockholder Rights Plan,,MSGM,US,,,,cash,polygon_news,,https://www.globenewswire.com/news-release/2026/07/23/3331833/0/en/Motorsport-Games-Adopts-Limited-Duration-Stockholder-Rights-Plan.html,No,Pending
2026-07-23,TWG Announces Entry into of a Material Definitive Agreement for PIPE Transaction,,TWG,US,,,,cash,polygon_news,,https://www.globenewswire.com/news-release/2026/07/23/3331830/0/en/TWG-Announces-Entry-into-of-a-Material-Definitive-Agreement-for-PIPE-Transaction.html,No,Pending
2026-07-23,Union Pacific et le CN concluent une entente visant à élargir les occasions offertes aux clients dan,,UNP,US,,,,cash,polygon_news,,https://www.globenewswire.com/news-release/2026/07/23/3331823/0/fr/Union-Pacific-et-le-CN-concluent-une-entente-visant-%C3%A0-%C3%A9largir-les-occasions-offertes-aux-clients-dans-le-cadre-de-la-fusion.html,No,Pending
2026-07-23,SINTX Technologies Engages Veteran MedTech Executive Chris Lyons and Southern Metrics to Establish S,,SINT,US,,,,cash,polygon_news,,https://www.globenewswire.com/news-release/2026/07/23/3332173/30038/en/SINTX-Technologies-Engages-Veteran-MedTech-Executive-Chris-Lyons-and-Southern-Metrics-to-Establish-Strategic-Opportunity-Management-Program.html,No,Pending
2026-07-27,Netflix Is Down 41% in 1 Year. Could the Sell-Off Be Nearing an End?,,NFLX,US,,,,cash,polygon_news,,https://www.fool.com/investing/2026/07/27/netflix-is-down-43-in-1-year-could-the-sell-off-be/?source=iedfolrf0000001,No,Pending
2026-07-27,Baker Hughes Declares Quarterly Dividend,,BKR,US,,,,cash,polygon_news,,https://www.globenewswire.com/news-release/2026/07/26/3333227/0/en/Baker-Hughes-Declares-Quarterly-Dividend.html,No,Pending
2026-07-28,Catalyst Acquisition Corp. Announces Pricing of $200 Million Initial Public Offering,,SAN,US,,,,cash,polygon_news,,https://www.globenewswire.com/news-release/2026/07/28/3333959/0/en/Catalyst-Acquisition-Corp-Announces-Pricing-of-200-Million-Initial-Public-Offering.html,No,Pending
2026-07-30,Why Lithia Stock Surged Today,,LAD,US,,,,cash,polygon_news,,https://www.fool.com/investing/2026/07/29/why-lithia-stock-surged-today/?source=iedfolrf0000001,No,Pending
2026-07-30,California Water Service Group Reports Strong Second Quarter 2026 Financial Results,,CWT,US,,,,cash,polygon_news,,https://www.globenewswire.com/news-release/2026/07/30/3335697/0/en/California-Water-Service-Group-Reports-Strong-Second-Quarter-2026-Financial-Results.html,No,Pending
2026-07-30,Sprott Physical Copper Trust Updates Its “At-The-Market” Equity Program,,SII,US,,,,cash,polygon_news,,https://www.globenewswire.com/news-release/2026/07/29/3335686/0/en/Sprott-Physical-Copper-Trust-Updates-Its-At-The-Market-Equity-Program.html,No,Pending
2026-07-31,Bekaert: Update over het Inkoopprogramma van Eigen Aandelen en de Liquiditeitsovereenkomst,,BEKAY,US,,,,cash,polygon_news,,https://www.globenewswire.com/news-release/2026/07/31/3336610/0/nl/Bekaert-Update-over-het-Inkoopprogramma-van-Eigen-Aandelen-en-de-Liquiditeitsovereenkomst.html,No,Pending
2026-07-31,Announcement of Private Exchange Offer for Any and All of CSN Inova Ventures’ Outstanding 6.750% Sen,,SID,US,,,,cash,polygon_news,,https://www.globenewswire.com/news-release/2026/07/31/3336571/0/en/Announcement-of-Private-Exchange-Offer-for-Any-and-All-of-CSN-Inova-Ventures-Outstanding-6-750-Senior-Notes-due-2028-and-Consent-Solicitation.html,No,Pending
2026-07-31,Digital Asset Acquisition Corp. Announces Postponement of Shareholder Meeting,,DAAQ,US,,,,cash,polygon_news,,https://www.globenewswire.com/news-release/2026/07/31/3336567/0/en/Digital-Asset-Acquisition-Corp-Announces-Postponement-of-Shareholder-Meeting.html,No,Pending
2026-08-02,Scripps completes acquisition of WTVQ in Lexington,,SSP,US,,,,cash,polygon_news,,https://www.globenewswire.com/news-release/2026/08/01/3337133/0/en/Scripps-completes-acquisition-of-WTVQ-in-Lexington.html,No,Pending
2026-08-03,Share repurchase programme: Transactions of week 31 2026,,JYSKY,US,,,,cash,polygon_news,,https://www.globenewswire.com/news-release/2026/08/03/3337214/0/en/Share-repurchase-programme-Transactions-of-week-31-2026.html,No,Pending
2026-08-03,SoundHound AI's Next Earnings Report on Aug. 5 Could Send the Stock Soaring. Here's Why.,,SOUN,US,,,,cash,polygon_news,,https://www.fool.com/investing/2026/08/02/soundhound-ais-next-earnings-report-on-aug-5-could-send-the-stock-soaring-heres-why/?source=iedfolrf0000001,No,Pending
2026-08-04,Why Atkore Stock Soared Today,,ATKR,US,,,,cash,polygon_news,,https://www.fool.com/investing/2026/08/03/why-atkore-stock-soared-today/?source=iedfolrf0000001,No,Pending
2026-08-06,H1 2026: Record order intake for RENK with above-average increase in adjusted EBIT to underscore mar,,RKGRY,US,,,,cash,polygon_news,,https://www.globenewswire.com/news-release/2026/08/06/3339931/0/en/H1-2026-Record-order-intake-for-RENK-with-above-average-increase-in-adjusted-EBIT-to-underscore-market-position-annual-forecast-on-track.html,No,Pending
2026-08-06,red violet Announces Pricing of $100 Million Underwritten Public Offering of Common Stock,,RDVT,US,,,,cash,polygon_news,,https://www.globenewswire.com/news-release/2026/08/06/3339902/0/en/red-violet-Announces-Pricing-of-100-Million-Underwritten-Public-Offering-of-Common-Stock.html,No,Pending
2026-08-06,Gran Tierra Energy (GTE) Q2 2026 Earnings Call,,GTE,US,,,,cash,polygon_news,,https://www.fool.com/earnings/call-transcripts/2026/08/05/gran-tierra-energy-gte-q2-2026-earnings-call/?source=iedfolrf0000001,No,Pending
2026-08-07,TPC Group to Be Acquired by ENEOS Holdings,,JXHLY,US,,,,cash,polygon_news,,https://www.globenewswire.com/news-release/2026/08/07/3340914/15270/en/tpc-group-to-be-acquired-by-eneos-holdings.html,No,Pending
2026-08-07,SpaceX and Tesla Merger Talks Are Heating Up. Here's Why Investors Should Pay Attention.,,SPCX,US,,,,cash,polygon_news,,https://www.fool.com/investing/2026/08/06/spacex-and-tesla-merger-talks-are-heating-up-and-i/?source=iedfolrf0000001,No,Pending
2026-08-07,Why Joby Aviation Stock Flew Higher Today,,JOBY,US,,,,cash,polygon_news,,https://www.fool.com/investing/2026/08/06/why-joby-aviation-stock-flew-higher-today/?source=iedfolrf0000001,No,Pending
2026-08-07,Biogen Completes Acquisition of RayThera Inc.,,BIIB,US,,,,cash,polygon_news,,https://www.globenewswire.com/news-release/2026/08/06/3340877/0/en/Biogen-Completes-Acquisition-of-RayThera-Inc.html,No,Pending
2026-08-07,Why SiTime Stock Blasted Almost 27% Higher on Thursday,,SITM,US,,,,cash,polygon_news,,https://www.fool.com/investing/2026/08/06/why-sitime-stock-blasted-almost-27-higher-on-thurs/?source=iedfolrf0000001,No,Pending
2026-08-08,iSpecimen Inc. Announces Closing of $5 Million Public Offering of Common Stock and Pre-Funded Warran,,ISPC,US,,,,cash,polygon_news,,https://www.globenewswire.com/news-release/2026/08/07/3341397/0/en/ispecimen-inc-announces-closing-of-5-million-public-offering-of-common-stock-and-pre-funded-warrants.html,No,Pending
2026-08-10,What to Know When a Victory Capital Insider's Stock Vests on a Price Target,,VCTR,US,,,,cash,polygon_news,,https://www.fool.com/coverage/filings/2026/08/09/what-to-know-when-a-victory-capital-insider-s-stock-vests-on-a-price-target/?source=iedfolrf0000001,No,Pending
2026-08-11,MITT (MITT) Q2 2026 Earnings Call Transcript,,MITN,US,,,,cash,polygon_news,,https://www.fool.com/earnings/call-transcripts/2026/08/10/mitt-mitt-q2-2026-earnings-call-transcript/?source=iedfolrf0000001,No,Pending
2026-08-11,Boston Scientific CEO Mahoney Buys More Than 200k Shares for $10 Million. What Does This Mean for In,,BSX,US,,,,cash,polygon_news,,https://www.fool.com/coverage/filings/2026/08/10/boston-scientific-ceo-mahoney-buys-more-than-200k-shares-for-usd10-million-what-does-this-mean-for-investors-in-2026/?source=iedfolrf0000001,No,Pending
2026-08-11,GCL Announces Acceleration of Subsidiary 4Divinity’s Growth Through Expanded Investment from ADATA T,,GCL,US,,,,cash,polygon_news,,https://www.globenewswire.com/news-release/2026/08/10/3341912/0/en/gcl-announces-acceleration-of-subsidiary-4divinity-s-growth-through-expanded-investment-from-adata-technology.html,No,Pending
2026-08-11,Donerail Applauds Beazer Homes Board for Delivering a Value-Maximizing Outcome for Stockholders,,DFH,US,,,,cash,polygon_news,,https://www.globenewswire.com/news-release/2026/08/10/3341851/0/en/donerail-applauds-beazer-homes-board-for-delivering-a-value-maximizing-outcome-for-stockholders.html,No,Pending
2026-08-12,Curaleaf Just Announced a Hostile Takeover Bid for Aurora Cannabis. Here’s What This Means for Inves,,ACB,US,,,,cash,polygon_news,,https://www.fool.com/investing/2026/08/12/curaleaf-just-announced-a-hostile-takeover-bid-for-aurora-cannabis-heres-what-this-means-for-investors/?source=iedfolrf0000001,No,Pending
2026-08-13,What a Paramount Executive's Latest Insider Filing Signals for Long-Term Investors,,PSKY,US,,,,cash,polygon_news,,https://www.fool.com/coverage/filings/2026/08/12/what-a-paramount-executive-s-latest-insider-filing-signals-for-long-term-investors/?source=iedfolrf0000001,No,Pending
2026-08-13,Archer Aviation Is Teaming Up With Boeing. Time to Buy the Dip?,,ACHR,US,,,,cash,polygon_news,,https://www.fool.com/investing/2026/08/12/archer-aviation-is-teaming-up-with-boeing-time-to/?source=iedfolrf0000001,No,Pending
2026-08-13,Intel Is Raising Billions in Equity. History Says This Is What the Stock Will Do Next.,,INTC,US,,,,cash,polygon_news,,https://www.fool.com/investing/2026/08/12/intel-is-raising-billions-in-equity-history-says-t/?source=iedfolrf0000001,No,Pending
2026-08-14,Why Airbnb Stock Keeps Going Up,,ABNB,US,,,,cash,polygon_news,,https://www.fool.com/investing/2026/08/13/why-airbnb-stock-keeps-going-up/?source=iedfolrf0000001,No,Pending
2026-08-14,BioNTech Just Named a New CEO. Here's What Guido Oelkers' Appointment Means for the Stock.,,BNTX,US,,,,cash,polygon_news,,https://www.fool.com/investing/2026/08/13/biontech-just-named-a-new-ceo-heres-what-guido/?source=iedfolrf0000001,No,Pending
2026-08-17,Sundar Pichai Raised Alphabet's Capex Guidance to $205 Billion the Same Quarter Google Cloud's Backl,,GOOG,US,,,,cash,polygon_news,,https://www.fool.com/investing/2026/08/16/sundar-pichai-raised-alphabets-capex-guidance-to-2/?source=iedfolrf0000001,No,Pending
2026-08-18,Nano Nuclear Is Still Under $20. Here's My Case for Why That Won't Last.,,NNE,US,,,,cash,polygon_news,,https://www.fool.com/investing/2026/08/17/nano-nuclear-is-still-under-20-heres-my-case-for/?source=iedfolrf0000001,No,Pending
