deal_id,target,acquirer,target_ticker,geography,announcement_date,expected_close,deal_type,deal_price,entry_date,entry_price,shares,position_value,current_price,current_spread_pct,unrealised_pct,completion_prob,ev_score,status,outcome,notes
1,Spire Healthcare Group,Toscafund Asset Management,SPI,UK,2026-05-14,2026-11-30,cash,250,2026-07-13,216,462,1081.08,234,6.84,8.33,72,6.12,open,,Toscafund 250p cash offer. Fourth extension granted to August 21 2026. Due diligence substantially complete. Financing well advanced.
2,Tate & Lyle PLC,Ingredion Incorporated,TATE,UK,2026-06-08,2026-10-31,cash,615,2026-07-13,561,178,984.74,553,11.21,-1.43,88,2.37,closed,VOLUNTARY_EXIT,Exited August 7 at 553p. H2 2027 completion timeline too long. Standalone value at 554p at top of pre-bid analyst range 430-540p.
3,Beazley PLC,Zurich Insurance Group,BEZ,UK,2026-03-02,2026-10-31,cash,1310,2026-07-13,1287,77,993.69,1290.5,1.51,0.27,96,0.68,open,,Zurich all-cash offer 1310p. 99.9% shareholder approval. EC clearance received. PRA FCA Lloyds FINMA approvals pending. Court sanction H2 2026.
4,Intertek Group PLC,EQT AB (Isotope Bidco),ITRK,UK,2026-06-18,2027-01-31,cash,6000,2026-07-13,5615,17,992.8,5840,2.74,3.99,95,2.08,open,,EQT all-cash offer 6000p. Shareholders approved 98.7% on August 6. Court sanction Q4 2026 Q1 2027. Completion probability upgraded post-vote.
5,Rotork PLC,ABB Ltd,ROR,UK,2026-07-16,2027-03-31,cash,506,2026-07-20,485,206,1003.82,487,3.9,0.41,91,1.66,open,,ABB all-cash offer 503p plus interim dividend 3p = 506p total. Board unanimous recommendation. Expected close H1 2027.
7,easyJet PLC,Castlelake LP,EZJ,UK,2026-07-10,2027-02-28,cash,690,2026-07-20,675,148,992.28,671,-2.75,-0.59,88,2.08,open,,Castlelake offer 690p accepted. Apollo walked. Now clean cash deal. EU ownership rules resolved via Castlelake Irish vehicle structure. Spread negative as stock trades slightly below offer.
8,Ramsdens Holdings PLC,FirstCash Holdings Inc,RFX,UK,2026-06-23,2026-11-30,cash,675,2026-07-20,666,150,996.0,664,1.66,-0.3,97,1.43,open,,FirstCash all-cash offer 675p final. Shareholder meeting August 10. Plus 6p interim dividend ex-div Sep 10. Near-zero break risk.
9,DCC PLC,KKR & Co / Energy Capital Partners,DCC,UK,2026-07-22,2027-03-31,cash,6797,2026-07-22,6175,16,1020.0,6375,6.62,3.24,80,3.60,open,,KKR ECP firm offer confirmed July 27. Cash 6525p plus dividend 147.22p plus up to 125p Nexora contingent. Fidelity opposition ongoing. Regulatory approval process underway.
10,Capricorn Energy PLC,Genel Energy No.9 Limited,CNE,UK,2026-07-02,2026-10-31,cash,381,2026-07-23,345,289,1080.86,374,-1.84,8.41,92,1.22,open,,Three-way bidding war. Genel 357p firm recommended. Samos 381p possible offer. Cafani August 11 deadline. Deal price updated to 381p Samos highest bid. Shareholder meetings August 18.
